screen_name;user_id;full_name;party;location;created_at
AchimKesslerMdB;849567328899616768;Achim Kessler;Die Linke;Frankfurt am Main, Hessen;05.04.2017 10:20:10
Achim_P;1117749912;Achim Post;SPD;Espelkamp/Berlin;24.01.2013 21:12:00
AfD;844081278;AfD;AfD;;24.09.2012 18:43:59
agnieszka_mdb;172269309;Agnieszka Brugger;B90/Die Grünen;;29.07.2010 08:37:03
Lambsdorff;149299258;Alexander Lambsdorff;FDP;Bonn, Berlin und Brüssel;28.05.2010 23:15:13
AlexanderSNeu;1182878557;Alexander Neu;Die Linke;;15.02.2013 14:53:02
AlexanderRadwan;2831760211;Alexander Radwan;CSU;Berlin;25.09.2014 12:30:02
Alice_Weidel;833398209053605888;Alice Weidel;AfD;Berlin, Deutschland;19.02.2017 19:29:51
AndreaLindholz;1446031532;Andrea Lindholz;CSU;Aschaffenburg, Berlin;21.05.2013 10:40:09
AndreasBleckMdB;910878654535749632;Andreas Bleck;AfD;Neuwied, Deutschland;21.09.2017 14:49:29
DerLenzMdB;3635730797;Andreas Lenz;CSU;;12.09.2015 22:33:12
AMattfeldt;23447001;Andreas Mattfeldt;CDU;Völkersen;09.03.2009 15:22:39
mrosek1958;2618890032;Andreas Mrosek;AfD;Dessau-Roßlau, Deutschland;11.07.2014 22:07:33
DrAndreasNick;49450039;Andreas Nick;CDU;Montabaur/Ww.;21.06.2009 22:26:05
SPDuesseldorf;30838821;Andreas Rimkus;SPD;Düsseldorf, NRW, Deutschland;13.04.2009 09:46:24
AndiScheuer;50315139;Andreas Scheuer;CSU;Passau / Berlin;24.06.2009 14:13:25
Schwarz_MdB;2226815116;Andreas Schwarz;SPD;Bamberg, Bayern;15.12.2013 09:11:12
AndreasSteier;3236928208;Andreas Steier;CDU;Trier, Deutschland;05.05.2015 20:47:57
AndrejHunko;87281380;Andrej Hunko;Die Linke;Germany;03.11.2009 21:01:21
UllmannMdB;609972369;Andrew Ullmann;FDP;Würzburg, Bavaria, Germany;16.06.2012 10:47:11
AnetteKramme;1461705757;Anette Kramme;SPD;;27.05.2013 09:29:28
A_Gloeckner;976421048;Angelika Glöckner;SPD;Südwestpfalz, Rheinland-Pfalz;28.11.2012 16:01:47
SchaeferCDU;874474169106395136;Anita Schäfer;CDU;Rheinland-Pfalz, Deutschland;13.06.2017 03:51:03
HajdukBundestag;4724923756;Anja Hajduk;B90/Die Grünen;Hamburg/Berlin, Germany;06.01.2016 13:08:22
AnjaKarliczek;2521976694;Anja Karliczek;CDU;Tecklenburg / Berlin;25.05.2014 05:42:35
anjaweisgerber;133770069;Anja Weisgerber;CSU;Schweinfurt, Kitzingen, Berlin;16.04.2010 15:43:52
anked;16557497;Anke Domscheit-Berg;Die Linke;Germany;02.10.2008 10:12:46
annachristmann;1617177360;Anna Christmann;B90/Die Grünen;Stuttgart;24.07.2013 08:14:15
ABaerbock;2179010672;Annalena Baerbock;B90/Die Grünen;Brandenburg;07.11.2013 00:04:11
AWidmannMauz;3351905747;Annette Widmann-Mauz;CDU;;30.06.2015 15:21:43
DrFriesenMdB;916324637046435840;Anton Friesen;AfD;Deutschland, Freistaat Thüringen;06.10.2017 15:29:52
ToniHofreiter;442678902;Anton Hofreiter;B90/Die Grünen;Deutscher Bundestag Berlin;21.12.2011 10:39:48
arnoklare;1028440310;Arno Klare;SPD;Mülheim & Essen-Borbeck;22.12.2012 12:46:22
Axel_Fischer;160906608;Axel Fischer;CDU;Berlin;29.06.2010 12:44:25
axelgehrke;1862781722;Axel Gehrke;AfD;Stormarn, Schleswig-Holstein;14.09.2013 05:37:38
axel_knoerig;928974816220254208;Axel Knoerig;CDU;Kirchdorf, Berlin;10.11.2017 13:17:10
AxelTroost;73990900;Axel Troost;Die Linke;;13.09.2009 22:31:38
oezoguz;83342791;Aydan Özoğuz;SPD;Hamburg;18.10.2009 11:00:10
Die_Gruenen;14553288;B90/Die Grünen;B90/Die Grünen;;27.04.2008 00:06:25
baerbelbas;19438957;Bärbel Bas;SPD;Germany;24.01.2009 09:39:46
BaerbelKofler;193629792;Bärbel Kofler;SPD;Berlin / Traunstein;22.09.2010 09:22:51
GrueneBeate;53426644;Beate Müller-Gemmeke;B90/Die Grünen;Reutlingen, Baden-Württemberg;03.07.2009 16:20:17
BeateWaRo;47049428;Beate Walter-Rosenheimer;B90/Die Grünen;München/Germering/Dachau/FFB;14.06.2009 06:48:25
Beatrix_vStorch;805308596;Beatrix von Storch;AfD;Berlin, Deutschland;05.09.2012 20:19:14
bela_bach;1150879754;Bela Bach;SPD;;05.02.2013 12:55:07
bstrasser;29540300;Benjamin Strasser;FDP;Berg;07.04.2009 20:46:18
BerndBaumannAfD;3043727333;Bernd Baumann;AfD;Hamburg, Deutschland;17.02.2015 21:57:24
BerndFabritius;493229926;Bernd Fabritius;CSU;;15.02.2012 15:43:39
reuther_bernd;930422173478608903;Bernd Reuther;FDP;Wese;14.11.2017 13:08:27
b_riexinger;849012308;Bernd Riexinger;Die Linke;;27.09.2012 10:16:15
BetMueller;2443895924;Bettina Müller;SPD;;14.04.2014 13:31:03
starkwatzinger;38228691;Bettina Stark-Watzinger;FDP;Bad Soden;06.05.2009 17:25:30
BijanDjir;960463104537657344;Bijan Djir-Sarai;FDP;Rhein-Kreis Neuss;05.02.2018 10:40:23
Birke_Bull;81394072;Birke Bull-Bischoff;Die Linke;Halle/ Saale;10.10.2009 16:50:28
BjoernSimon;93845554;Björn Simon;CDU;Obertshausen, Deutschland;01.12.2009 12:03:11
MdB_Freihold;925703909825548288;Brigitte Freihold;Die Linke;Pirmasens, Deutschland;01.11.2017 12:39:45
BriHasselmann;1131092102;Britta Haßelmann;B90/Die Grünen;Bielefeld/Berlin;29.01.2013 13:46:25
DrHollnagel;996440442819502082;Bruno Hollnagel;AfD;Stormarn, Schleswig-Holstein;03.08.2016 17:00:37
LieblingXhain;587862375;Canan Bayram;B90/Die Grünen;Berlin;22.05.2012 21:58:57
CanselK;23248102;Cansel Kiziltepe;SPD;Berlin;07.03.2009 23:27:23
CarenLay;21404382;Caren Lay;Die Linke;;20.02.2009 15:21:06
carina_konrad;874304935906729986;Carina Konrad;FDP;Rheinland-Pfalz, Deutschland;12.06.2017 16:38:35
cjcronenberg;1325126973631455232;Carl-Julius Cronenberg;FDP;Arnsberg, Deutschland;25.04.2017 09:48:14
CarstenMuellers;53945479;Carsten Müller;CDU;Braunschweig;05.07.2009 16:35:50
schneidercar;96783215;Carsten Schneider;SPD;Erfurt;14.12.2009 15:41:28
CarstenTraeger;3577737256;Carsten Träger;SPD;Fürth, Bayern;07.09.2015 14:21:51
CDU;20429858;CDU;CDU;;09.02.2009 11:43:27
cem_oezdemir;19108766;Cem Özdemir;B90/Die Grünen;Stuttgart/Berlin;17.01.2009 12:30:36
charlotte_mdb;1235523759597068288;Charlotte Schneidewind-Hartnagel;B90/Die Grünen;;05.03.2020 11:13:45
ChrisKuehn_mdb;1143130812;Chris Kühn;B90/Die Grünen;;02.02.2013 18:49:01
christianduerr;17535941;Christian Dürr;FDP;Berlin / Ganderkesee;21.11.2008 13:20:23
ChristianHirte;37642893;Christian Hirte;CDU;Tiefenort/ Berlin;04.05.2009 11:44:48
c_jung77;740178046649565184;Christian Jung;FDP;Berlin, Deutschland;07.06.2016 13:46:12
LangeMdB;328939758;Christian Lange;SPD;;04.07.2011 09:05:24
c_lindner;122104353;Christian Lindner;FDP;Berlin, Deutschland;11.03.2010 16:11:51
christ_natterer;166688802;Christian Natterer;CDU;;14.07.2010 19:37:25
CPetryMdB;64159881;Christian Petry;SPD;Saarland;09.08.2009 11:46:17
CvStetten;1334019378;Christian von Stetten;CDU;Berlin;07.04.2013 12:50:41
ChrWirthMdB;920193967937019904;Christian Wirth;AfD;Saarbrücken, Deutschland;17.10.2017 07:45:13
cad59;25980076;Christine Aschenberg-Dugnus;FDP;Strande;23.03.2009 10:24:55
ch_buchholz;426403057;Christine Buchholz;Die Linke;Berlin;02.12.2011 06:04:16
c_bernstiel;830085678063030273;Christoph Bernstiel;CDU;Halle (Saale), Deutschland;10.02.2017 16:07:02
matschie;19286748;Christoph Matschie;SPD;Jena, Deutschland;21.01.2009 13:17:21
Meyer_FDP;861992050358616064;Christoph Meyer;FDP;Berlin, Deutschland;09.05.2017 17:11:34
Neumann_AfD;760188355615293440;Christoph Neumann;AfD;Leipzig;01.08.2016 19:00:02
GruenClaudia;937403112;Claudia Müller;B90/Die Grünen;Stralsund, MV, Berlin, Welt;09.11.2012 17:39:42
CorinnaMiazga;868762469115846657;Corinna Miazga;AfD;Straubing, Deutschland;28.05.2017 09:34:48
crueffer;1524735194;Corinna Rüffer;B90/Die Grünen;Trier;17.06.2013 12:32:01
Conni_Moehring;2596171296;Cornelia Möhring;Die Linke;;30.06.2014 11:04:13
CSU;21107582;CSU;CSU;;17.02.2009 17:18:37
dieschmidt;95905207;Dagmar Schmidt;SPD;LDK;10.12.2009 13:54:30
DFoest;422569574;Daniel Föst;FDP;München;27.11.2011 12:17:53
DeRidder_MdB;2842430247;Daniela De Ridder;SPD;Grafschaft Bentheim - Emsland ;24.10.2014 07:47:43
DanielaKluckert;28327765;Daniela Kluckert;FDP;Berlin, Deutschland;02.04.2009 12:28:07
danielakolbe;516783036;Daniela Kolbe;SPD;Leipzig und Berlin;06.03.2012 18:55:58
DanyWagner_DA;874917828436078592;Daniela Wagner;B90/Die Grünen;Darmstadt, Deutschland;14.06.2017 09:14:00
DerDanyal;808400627084705792;Danyal Bayaz;B90/Die Grünen;Deutschland;12.12.2016 19:58:23
DennisRohde;18160122;Dennis Rohde;SPD;;16.12.2008 10:44:02
MuellerChemnitz;784760007275515904;Detlef Müller;SPD;;08.10.2016 14:19:00
dieLinke;44101578;Die Linke;Die Linke;;02.06.2009 11:26:35
DiePARTEI;65607107;Die PARTEI;Die PARTEI;;14.08.2009 10:25:43
DJanecek;52024480;Dieter Janecek;B90/Die Grünen;München;29.06.2009 11:02:16
Diether_Dehm;20986770;Diether Dehm;Die Linke;Germany;16.02.2009 14:00:12
dr_tiemann;4818645382;Dietlind Tiemann;CDU;;16.01.2016 17:13:42
DietmarBartsch;2320519958;Dietmar Bartsch;Die Linke;;31.01.2014 09:25:36
DHeidenblut;1083371289786634240;Dirk Heidenblut;SPD;Essen Deutschland ;15.11.2016 00:03:41
DirkSpaniel;810537151729373184;Dirk Spaniel;AfD;Stuttgart, Deutschland;18.12.2016 17:28:10
VoepelDirk;829029719941246978;Dirk Vöpel;SPD;;07.02.2017 18:11:02
DirkWieseSPD;815469233090023424;Dirk Wiese;SPD;Brilon, Deutschland;01.01.2017 08:06:30
DorisAchelwilm;4819478705;Doris Achelwilm;Die Linke;Bremen-Walle;16.01.2016 22:40:34
DoroBaer;140821364;Dorothee Bär;CSU;;06.05.2010 13:05:45
Doro_Martin;241008237;Dorothee Martin;SPD;;21.01.2011 06:56:32
FrankeEdgar;481393623;Edgar Franke;SPD;Berlin;02.02.2012 18:01:16
ekindeligoez;22125770;Ekin Deligöz;B90/Die Grünen;;27.02.2009 09:59:05
Kaiser_SPD;1425035358;Elisabeth Kaiser;SPD;;13.05.2013 09:15:33
ElsnervonGronow;4429947807;Elsner von Gronow;AfD;Soest, Deutschland;09.12.2015 20:04:49
KorkmazGT;3930477322;Elvan Korkmaz;SPD;Gütersloh, Nordrhein-Westfalen;11.10.2015 19:28:43
EnricoKomning;781747720897892352;Enrico Komning;AfD;Neubrandenburg, Deutschland;30.09.2016 06:49:16
ErhardGrundl;23601044;Erhard Grundl;B90/Die Grünen;;10.03.2009 14:54:01
edrossmann;38645930;Ernst Dieter Rossmann;SPD;Kreis Pinneberg;08.05.2009 11:17:22
Erwin_Rueddel;33071479;Erwin Rüddel;CDU;Windhagen, Kreis Neuwied;19.04.2009 00:47:55
EstherDilcher;939092636165689345;Esther Dilcher;SPD;Hofgeismar;08.12.2017 11:21:46
EvaHoegl;35846585;Eva Högl;SPD;Berlin;27.04.2009 20:14:48
MdB_Schreiber;940585440746328064;Eva-Maria Schreiber;Die Linke;Berlin, Germany;12.12.2017 14:13:39
HESommer;143882918;Evrim Sommer;Die Linke;Berlin, Deutschland;14.05.2010 17:45:21
Jacobi_AfD;944181149424898048;Fabian Jacobi;AfD;Köln;22.12.2017 12:21:42
FabioDeMasi;14784765;Fabio De Masi;Die Linke;Hamburg St. Pauli (Quiddje);15.05.2008 11:26:35
FalkoMohrs;79228932;Falko Mohrs;SPD;Germany;02.10.2009 16:57:59
fdp;39475170;FDP;FDP;;12.05.2009 10:50:27
felixschreiner;162398888;Felix Schreiner;CDU;Waldshut-Tiengen, Deutschland;03.07.2010 14:58:36
filizgreen;194535434;Filiz Polat;B90/Die Grünen;Bramsche/Berlin;24.09.2010 11:19:57
hahnflo;403735368;Florian Hahn;CSU;;02.11.2011 22:47:35
Florian_Ossner;1294532364;Florian Oßner;CSU;Velden/Landshut/Kelheim;24.03.2013 09:49:47
FlorianPost;741532130;Florian Post;SPD;München, Bayern;06.08.2012 22:00:12
FlorianPronold;19257571;Florian Pronold;SPD;Germany;20.01.2009 21:09:20
florian_toncar;17462171;Florian Toncar;FDP;Berlin, Deutschland;18.11.2008 10:55:06
FrankHeinrich;43959185;Frank Heinrich;CDU;Chemnitz;01.06.2009 20:03:31
fjunge;77928749;Frank Junge;SPD;Wismar;28.09.2009 04:52:55
Frank_Magnitz;940532615177752576;Frank Magnitz;AfD;Bremen, Deutschland;12.12.2017 10:43:44
theliberalfrank;984048002967982080;Frank Müller-Rosentritt;FDP;Chemnitz, Sachsen;11.04.2018 12:38:21
Frank_Pasemann;1490376331;Frank Pasemann;Parteilos;Mitteldeutschland;07.06.2013 13:04:39
f_schaeffler;18189342;Frank Schäffler;FDP;Ostwestfalen-Lippe;17.12.2008 14:10:38
FrankSchwabe;30050484;Frank Schwabe;SPD;;09.04.2009 19:39:53
franksitta;28087038;Frank Sitta;FDP;Sachsen-Anhalt, Deutschland;01.04.2009 11:12:09
franksteffel;26869088;Frank Steffel;CDU;Berlin, Reinickendorf;26.03.2009 22:18:19
fbrantner;32323724;Franziska Brantner;B90/Die Grünen;Heidelberg und Berlin;17.04.2009 05:48:29
FrStraetmanns;959059951523106816;Friedrich Straetmanns;Die Linke;;01.02.2018 13:44:45
fritzfelgentreu;2805274855;Fritz Felgentreu;SPD;Neukölln, Berlin;12.09.2014 09:17:05
FGuentzler;779601750789656576;Fritz Güntzler;CDU;Göttingen, Deutschland;24.09.2016 08:41:56
GabiWeberSPD;992808439;Gabi Weber;SPD;Wirges, Westerwald;06.12.2012 10:29:09
GaHeinrich;296121556;Gabriela Heinrich;SPD;Nürnberg;10.05.2011 07:17:31
GabyKatzmarek;3017602065;Gabriele Katzmarek;SPD;Rastatt, Deutschland;04.02.2015 14:00:14
G_UllrichFDP;935456332655874048;Gerald Ullrich;FDP;Thüringen, Deutschland;28.11.2017 10:32:24
GZickenheiner;1201838123841404929;Gerhard Zickenheiner;B90/Die Grünen;;03.12.2019 12:20:21
gero_storjohann;20534846;Gero Storjohann;CDU;Seth;10.02.2009 18:58:21
ttte94;1534201208;Gerold Otten;AfD;;20.06.2013 15:24:36
LoetzschMdB;24178198;Gesine Lötzsch;Die Linke;Berlin, Bundestag;13.03.2009 14:23:41
GittaConnemann;103658778;Gitta Connemann;CDU;Im hohen Norden;10.01.2010 20:30:04
AkbulutGokay;800457587510476800;Gökay Akbulut;Die Linke;Mannheim, Baden-Württemberg;24.12.2015 23:34:07
GottfriedCurio;848618993015500802;Gottfried Curio;AfD;;02.04.2017 19:31:49
GtzFrmming;809895794;Götz Frömming;AfD;Berlin, Deutschland;08.09.2012 00:53:26
GregorGysi;888289790;Gregor Gysi;Die Linke;Platz der Republik, Berlin;18.10.2012 07:20:12
guenterkrings;392312829;Günter Krings;CDU;Mönchengladbach/Berlin;16.10.2011 21:00:34
GustavHerzogMdB;857001941305634816;Gustav Herzog;SPD;Zellertal, Deutschland;25.04.2017 22:42:39
GydeJ;1530171613;Gyde Jensen;FDP;Kiel;19.06.2013 08:11:12
reinholdmdb;925657781759332353;Hagen Reinhold;FDP;Berlin, Deutschland;01.11.2017 09:36:27
hans_michelbach;824221646290616321;Hans Michelbach;CSU;Coburg, Bayern;25.01.2017 11:45:28
fuchtel;66750542;Hans-Joachim Fuchtel;CDU;Altensteig, Nordschwarzwald;18.08.2009 18:04:36
Hansjoerg_Durz;1662533040;Hansjörg Durz;CSU;Augsburg Land // Berlin;11.08.2013 13:29:37
ebner_sha;52431948;Harald Ebner;B90/Die Grünen;Germany;30.06.2009 15:56:19
HaraldWeinberg;625642009;Harald Weinberg ;Die Linke;Nürnberg I Berlin;03.07.2012 15:24:05
h_weyel;841412635270762496;Harald Weyel;AfD;;13.03.2017 22:16:19
HartmutEbbing;916950563815870464;Hartmut Ebbing;FDP;Berlin, Deutschland;08.10.2017 08:57:05
HeikeBrehmerMdB;150372237;Heike Brehmer;CDU;Harz;31.05.2010 19:34:09
HeikeHaensel;332264734;Heike Hänsel;Die Linke;Berlin;09.07.2011 14:08:58
HeikoMaas;24158261;Heiko Maas;SPD;Saarlouis/Berlin;13.03.2009 11:37:00
Heiko_Wildberg;3183992596;Heiko Wildberg;AfD;Südpfalz;19.04.2015 17:46:38
HBraun;19108071;Helge Braun;CDU;Berlin und Gießen;17.01.2009 11:45:46
helgelindh;454981027;Helge Lindh;SPD;Wuppertal, Nordrhein-Westfalen;04.01.2012 16:12:00
HHirte;1513671236;Heribert Hirte;CDU;Köln am Rhein;13.06.2013 15:15:09
groehe;94363834;Hermann Gröhe;CDU;Berlin;03.12.2009 16:38:02
solms;16325209;Hermann Otto Solms;FDP;Lich, Berlin;17.09.2008 07:49:56
HildeMattheis;115614153;Hilde Mattheis;SPD;Ulm;19.02.2010 08:25:12
HiltrudLotze;38272947;Hiltrud Lotze;SPD;;06.05.2009 20:49:41
hubertus_heil;15943222;Hubertus Heil;SPD;Peine, Gifhorn, Berlin;22.08.2008 10:14:26
ZdebelHubertus;4557858142;Hubertus Zdebel;Die Linke;Münster, Nordrhein-Westfalen;21.12.2015 14:30:15
Ingmar_Jung;23296367;Ingmar Jung;CDU;;08.03.2009 10:47:11
Ingrid_Nestle;44359035;Ingrid Nestle;B90/Die Grünen;Berlin & Elmshorn;03.06.2009 13:34:51
IreneMihalic;143000381;Irene Mihalic;B90/Die Grünen;Gelsenkirchen / Berlin;12.05.2010 09:15:53
IsabelMackensen;2322165327;Isabel Mackensen;SPD;;03.02.2014 16:32:32
jankortemdb;4164673821;Jan Korte;Die Linke;;11.11.2015 15:38:47
JanMetzler;995653004;Jan Metzler;CDU;Dittelsheim-Heßloch;07.12.2012 18:54:37
Jan_Nolte_AfD;3408940048;Jan Nolte;AfD;Waldeck, Deutschland;08.08.2015 17:13:12
JanaSchimke;728990858;Jana Schimke;CDU;;31.07.2012 18:48:25
JM_Luczak;22908417;Jan-Marco Luczak;CDU;Berlin;05.03.2009 11:25:35
janoschdahmen;16697497;Janosch Dahmen;B90/Die Grünen;;11.10.2008 16:28:19
jensbeeck;179216369;Jens Beeck;FDP;Lingen (Ems), Deutschland;16.08.2010 20:00:42
JBrandenburgFDP;857906951707127808;Jens Brandenburg;FDP;Rhein-Neckar-Kreis, Baden-Württemberg;28.04.2017 10:38:51
JensKoeppen;146376562;Jens Koeppen;CDU;Berlin, Barnim, Uckermark;21.05.2010 08:20:13
JensMaierAfD;916639458409242624;Jens Maier;AfD;Dresden, Sachsen;07.10.2017 12:20:52
jensspahn;299650387;Jens Spahn;CDU;Berlin;16.05.2011 13:25:13
JensZSPD;449619355;Jens Zimmermann;SPD;Groß-Umstadt;29.12.2011 09:14:59
JoanaCotar;814970546366611457;Joana Cotar;AfD;Hessen, Deutschland;30.12.2016 23:04:54
Jochen_Haug;717077328669646849;Jochen Haug;AfD;Köln, Deutschland;04.04.2016 19:52:12
Johann_Saathoff;159217491;Johann Saathoff;SPD;Ostfriesland;24.06.2010 19:53:25
JoWadephul;389682667;Johann Wadephul;CDU;Berlin, Deutschland;12.10.2011 20:46:07
Huber_AfD;2527085323;Johannes Huber;AfD;Freising, Deutschland;27.05.2014 09:51:54
jschraps;1356753444;Johannes Schraps;SPD;Weserbergland - BXL - Berlin;16.04.2013 12:32:04
JoSteiniger;83474160;Johannes Steiniger;CDU;;18.10.2009 23:38:01
johannesvogel;15630931;Johannes Vogel;FDP;Berlin / NRW;28.07.2008 12:19:51
joerg_cezanne;1391879604;Jörg Cezanne;Die Linke;;30.04.2013 12:00:22
Schneider_AfD;719975730784956416;Jörg Schneider;AfD;Gelsenkirchen;12.04.2016 19:49:25
JoernKoenigAfD;960974630709284864;Jörn König;AfD;Berlin, Deutschland;06.02.2018 20:33:00
josefoster;28089973;Josef Oster;CDU;Koblenz, Deutschland;01.04.2009 11:40:24
josephineortleb;21618829;Josephine Ortleb;SPD;Saarland;23.02.2009 01:13:58
josip_juratovic;738731811380076544;Josip Juratovic;SPD;Gundelsheim, Deutschland;03.06.2016 13:59:23
JudithSkudelny;948958759560376320;Judith Skudelny;FDP;;04.01.2018 16:46:13
julia_verlinden;1475734592;Julia Verlinden;B90/Die Grünen;Lüneburg, Germany;01.06.2013 21:31:23
JuergenBraunAfD;917756296555892736;Jürgen Braun;AfD;Waiblingen, Deutschland;10.10.2017 14:18:46
juergenhardt;38467606;Jürgen Hardt;CDU;Remscheid, Solingen, Wuppertal;07.05.2009 16:53:05
Pohl_MdB;175071092;Jürgen Pohl;AfD;Thüringen, Deutschland;05.08.2010 15:20:12
JTrittin;485751594;Jürgen Trittin;B90/Die Grünen;Berlin/Göttingen;07.02.2012 14:54:56
JuttaKrellmann;600984834;Jutta Krellmann;Die Linke;Hameln;06.06.2012 11:44:56
KaiGehring;110368456;Kai Gehring;B90/Die Grünen;Berlin/ Essen;01.02.2010 08:55:10
kaiwegner;39999872;Kai Wegner;CDU;Germany, Berlin, Spandau;14.05.2009 14:07:45
Kai_Whittaker;2479436480;Kai Whittaker;CDU;Baden-Baden / Berlin;06.05.2014 07:39:57
KarambaDiaby;316355056;Karamba Diaby;SPD;Halle (Saale);13.06.2011 09:57:53
Karl_Lauterbach;3292982985;Karl Lauterbach;SPD;Berlin, Deutschland;21.05.2015 14:01:21
BrunnerGanzOhr;882929865535705088;Karl-Heinz Brunner;SPD;Illertissen, Deutschland;06.07.2017 11:50:58
busen_mdb;935554963639558145;Karlheinz Busen;FDP;Berlin, Deutschland;28.11.2017 17:04:19
HilseMdb;920932259347214338;Karsten Hilse;AfD;Bautzen, Deutschland;01.08.2016 18:45:37
KarstenMoering;1099159964;Karsten Möring;CDU;Köln;17.01.2013 20:08:06
katdro;15722010;Katharina Dröge;B90/Die Grünen;;04.08.2008 13:32:56
k_willkomm;958634602905718785;Katharina Kloke;FDP;;31.01.2018 09:34:34
voglerk;21287514;Kathrin Vogler;Die Linke;Emsdetten, Germany;19.02.2009 10:10:30
fdp_hessel;107806591;Katja Hessel;FDP;Nürnberg;23.01.2010 20:19:09
katjakipping;28066013;Katja Kipping;Die Linke;Dresden, Berlin;01.04.2009 06:57:45
KLeikert;467381196;Katja Leikert;CDU;;18.01.2012 12:08:59
KatjaSuding;18880634;Katja Suding;FDP;Hamburg;11.01.2009 21:36:34
GoeringEckardt;626287930;Katrin Göring-Eckardt;B90/Die Grünen;;04.07.2012 08:28:33
KatrinHelling;21267421;Katrin Helling-Plahr;FDP;Hagen;19.02.2009 02:19:12
katrin_staffler;825019912083038208;Katrin Staffler;CSU;Türkenfeld, Deutschland;27.01.2017 16:37:30
Katrin_Werner;224630872;Katrin Werner;Die Linke;Trier;09.12.2010 13:36:39
KayGottschalk1;1286011081;Kay Gottschalk;AfD;Hamburg;21.03.2013 13:39:27
KerstinGriese;39709752;Kerstin Griese;SPD;Niederberg und Ratingen;13.05.2009 07:41:00
KirstenKappert;955357684013953025;Kirsten Kappert-Gonther;B90/Die Grünen;Bremen, Deutschland;22.01.2018 08:33:16
KirstenTackmann;1294725486;Kirsten Tackmann;Die Linke;Tornow;24.03.2013 10:47:35
ernst_klaus;64994645;Klaus Ernst;Die Linke;Berlin;12.08.2009 09:54:42
KlausMindrup;845282647261761536;Klaus Mindrup;SPD;Pankow, Berlin;24.03.2017 14:34:22
KonstantinKuhle;475275997;Konstantin Kuhle;FDP;Göttingen/Berlin;26.01.2012 21:49:02
KonstantinNotz;17752770;Konstantin von Notz;B90/Die Grünen;Schleswig-Holstein und Berlin;30.11.2008 11:20:58
K_SA;17870195;Kordula Schulz-Asche;B90/Die Grünen;Berlin, Eschborn;04.12.2008 15:40:59
KristinaNordt;1039480632;Kristina Nordt;CDU;;27.12.2012 12:11:16
larscastellucci;17469649;Lars Castellucci;SPD;Wiesloch;18.11.2008 20:02:03
larsklingbeil;16255941;Lars Klingbeil;SPD;Munster, Niedersachsen, D;12.09.2008 12:58:06
Leif_Erik_Holm;739531034761498624;Leif-Erik Holm;AfD;Mecklenburg-Vorpommern;05.06.2016 18:55:13
LeniBreymaier;748453543632330752;Leni Breymaier;SPD;Stuttgart, Aalen, Deutschland;30.06.2016 09:50:05
LindaTeuteberg;170964436;Linda Teuteberg;FDP;Potsdam | Brandenburg;26.07.2010 06:31:36
badulrichmartha;282195399;Lisa Badum;B90/Die Grünen;Forchheim;14.04.2011 18:52:28
lisapaus;569166756;Lisa Paus;B90/Die Grünen;Charlottenburg-Wilmersdorf;02.05.2012 12:57:06
lgbeutin;136266976;Lorenz Gösta Beutin;Die Linke;Kiel;23.04.2010 13:11:41
Lothar_Binding;2617281050;Lothar Binding;SPD;Heidelberg & Berlin;11.07.2014 12:32:53
ProfMaier;824210890354520064;Lothar Maier;AfD;Stuttgart, Deutschland;25.01.2017 11:02:44
koehler_fdp;898597063444877313;Lukas Köhler;FDP;München, Bayern;18.08.2017 17:26:49
oezdemir_spd;1399764944;Mahmut Özdemir;SPD;Duisburg;03.05.2013 13:36:09
MaikBeermann;569257486;Maik Beermann;CDU;;02.05.2012 17:01:13
MFJ_MdB_MV;1878846786;Maika Friemann-Jennert;CDU;;18.09.2013 10:01:03
Manfredbehrens;61577387;Manfred Behrens;CDU;Ebendorf;30.07.2009 19:37:13
MTodtenhausen;563706584;Manfred Todtenhausen;FDP;Wuppertal;26.04.2012 13:03:53
ManjaSchuele;827090742162100224;Manja Schüle;SPD;Potsdam;02.02.2017 09:46:14
ManuelHoeferlin;17483463;Manuel Höferlin;FDP;Rheinhessen und Berlin;19.11.2008 10:16:23
ManuelSarrazin;17922403;Manuel Sarrazin;B90/Die Grünen;Harburg an der Elbe;06.12.2008 14:31:27
MarcBernhardAfD;805823950253150208;Marc Bernhard;AfD;;05.12.2016 17:19:36
MBiadaczMdB;935815000006053888;Marc Biadacz;CDU;Direkt gewählter Bundestagsabgeordneter für den Wahlkreis Böblingen;29.11.2017 10:17:37
MarcHenrichmann;44608858;Marc Henrichmann;CDU;Havixbeck, Germany;04.06.2009 12:56:07
Marc_Jongen;4121053541;Marc Jongen;AfD;Baden-Württemberg, Deutschland;05.11.2015 17:59:24
marcobuelow;52119203;Marco Bülow;Die PARTEI;Ruhrgebiet / Berlin;29.06.2009 17:14:15
MarcoBuschmann;106136813;Marco Buschmann;FDP;Gelsenkirchen/Berlin;18.01.2010 16:25:00
wanderwitz;16361044;Marco Wanderwitz;CDU;Hohenstein-Ernstthal;19.09.2008 08:33:36
Marcus_Buehl;729360191263780867;Marcus Bühl;AfD;Thüringen, Deutschland;08.05.2016 17:19:55
MarcusFaber;22364234;Marcus Faber;FDP;Stendal, Sachsen-Anhalt;01.03.2009 13:59:34
MarcusHeld_SPD;2860802891;Marcus Held;SPD;Worms - Alzey - Oppenheim;04.11.2014 14:48:38
MarcusWeinberg;884382990;Marcus Weinberg;CDU;;16.10.2012 12:55:33
MargareteBause;480623844;Margarete Bause;B90/Die Grünen;Berlin & München ;01.02.2012 18:14:38
margit_stumpp;943082490482262016;Margit Stumpp;B90/Die Grünen;Ostalbkreis/Landkreis Heidenheim & Berlin;19.12.2017 11:36:02
MariaKlSchmeink;18103366;Maria Klein-Schmeink;B90/Die Grünen;Münster;13.12.2008 19:27:20
MdbWendt;2430137675;Marian Wendt;CDU;Nordsachsen/Berlin;23.03.2014 03:19:00
M_HarderKuehnel;815699423057637381;Mariana Harder-Kühnel;AfD;Gelnhausen, Hessen;01.01.2017 23:21:12
MAStrackZi;3047392319;Marie-Agnes Strack-Zimmermann;FDP;Berlin, Deutschland;20.02.2015 17:27:35
BraFDP;802968497831739392;Mario Brandenburg;FDP;Rheinland-Pfalz, Deutschland;27.11.2016 20:13:03
MieruchMario;932931561015730176;Mario Mieruch;Parteilos;;21.11.2017 11:19:51
Frohnmaier_AfD;4130621842;Markus Frohnmaier;AfD;Weil der Stadt/Berlin;07.11.2015 00:49:32
GruebelMdb;796691290016583680;Markus Grübel;CDU;;10.11.2016 12:29:40
KoobMar;2664174617;Markus Koob;CDU;;02.07.2014 14:40:54
markuskurthmdb;150188536;Markus Kurth;B90/Die Grünen;Berlin;31.05.2010 09:13:22
MarkusPaschke;3163499392;Markus Paschke;SPD;;13.04.2015 10:22:33
Toens_NRW04;3522875063;Markus Töns;SPD;;02.09.2015 11:46:13
MarkusTressel;2306519694;Markus Tressel;B90/Die Grünen;Saarlouis, Saarland;23.01.2014 12:51:04
uhl_markus;1391875208;Markus Uhl;CDU;Saarbrücken | Homburg;30.04.2013 11:47:36
Renner_AfD;2535401947;Martin Erwin Renner;AfD;Haan, Deutschland;30.05.2014 16:12:59
Martin_Hess_AfD;872663038805016576;Martin Hess;AfD;;08.06.2017 03:54:16
MartinRabanus;46356949;Martin Rabanus;SPD;Taunusstein;11.06.2009 10:05:20
M_Reichardt_AfD;2545743991;Martin Reichardt;AfD;Deutschland;04.06.2014 10:26:57
MartinRosemann;28784085;Martin Rosemann;SPD;Berlin;04.04.2009 12:29:11
MartinSchulz;17675072;Martin Schulz;SPD;;27.11.2008 10:49:00
Martin_Sichert;918405860862382082;Martin Sichert;AfD;;12.10.2017 09:19:55
MartinaRenner;68920005;Martina Renner;Die Linke;Berlin und Erfurt;26.08.2009 07:01:12
stamm_fibich;4017796049;Martina Stamm-Fibich;SPD;Erlangen-Höchstadt, Bayern;22.10.2015 15:37:18
stonie_kiel;46498076;Mathias Stein;SPD;;11.06.2009 21:36:58
matthiasbartke;3376953843;Matthias Bartke;SPD;Hamburg, Deutschland;15.07.2015 07:44:18
Buettner_MdB;881480498043916288;Matthias Büttner;AfD;Stendal, Deutschland;02.07.2017 11:51:42
MatthiasGastel;727782559;Matthias Gastel;B90/Die Grünen;Filderstadt, WK Nürtingen, B-W;31.07.2012 07:04:19
MatthiasHauer;1158585210;Matthias Hauer;CDU;Essen;07.02.2013 23:53:53
MatthiasHeider;154064825;Matthias Heider;CDU;Lüdenscheid;10.06.2010 08:05:03
MatthiasHoehn;15686106;Matthias Höhn;Die Linke;Altmark, Magdeburg, Berlin;01.08.2008 05:44:01
Matthiasnoelke;800823849252229121;Matthias Nölke;FDP;;21.11.2016 22:10:59
mseesternpauly;1006099793888841729;Matthias Seestern-Pauly;FDP;Bad Iburg;01.08.2009 09:33:48
MWBirkwald;748851762;Matthias W. Birkwald;Die Linke;;10.08.2012 07:32:05
matthiaszimmer;52994606;Matthias Zimmer;CDU;Frankfurt, Berlin;02.07.2009 06:45:11
MechthildHeil;974367631;Mechthild Heil;CDU;;27.11.2012 17:56:41
MetinHakverdi;1043288618;Metin Hakverdi;SPD;;28.12.2012 22:27:01
DrMEspendiller;885167849685340161;Michael Espendiller;AfD;;12.07.2017 16:03:55
MichaelFrieser;4577700622;Michael Frieser;CSU;Berlin, Deutschland;23.12.2015 10:47:43
michael_g_link;3034092143;Michael Georg Link;FDP;;13.02.2015 06:54:35
GerdesMdB;2468956470;Michael Gerdes;SPD;Bottrop;29.04.2014 08:21:18
michaelgrossmdb;2814949590;Michael Groß;SPD;Marl;17.09.2014 13:58:03
MGrosseBroemer;574424501;Michael Grosse-Brömer;CDU;Heide und Hauptstadt;08.05.2012 12:11:15
MichaelKuffer;4249342037;Michael Kuffer;CSU;München, Bayern;22.11.2015 11:54:32
meister_schafft;34214048;Michael Meister;CDU;Bergstraße;22.04.2009 07:21:25
MiRo_SPD;1114675538;Michael Roth;SPD;Auswärtiges Amt, Berlin;23.01.2013 15:48:09
mischrodi;806975237766135813;Michael Schrodi;SPD;Olching, Deutschland;08.12.2016 21:34:24
EUTheurer;1108382916;Michael Theurer;FDP;Berlin, Stuttgart, Horb;21.01.2013 08:00:48
michael_thews;409258073;Michael Thews;SPD;Lünen;10.11.2011 13:55:11
mvabercron;862747349277450240;Michael von Abercron;CDU;Pinneberg, Deutschland;11.05.2017 19:12:51
michel_brandt_;1543429536;Michel Brandt;Die Linke;;24.06.2013 14:54:02
Mi_Muentefering;947740210036641793;Michelle Müntefering;SPD;Berlin, Deutschland;01.01.2018 08:04:09
monikalazar;60630139;Monika Lazar;B90/Die Grünen;Sachsen;27.07.2009 15:47:11
NadineSchoen;41840905;Nadine Schön;CDU;;22.05.2009 16:06:06
NicoleGohlke;866425075;Nicole Gohlke;Die Linke;Berlin | München;07.10.2012 14:33:37
Nicole_Hoechst;3105025175;Nicole Höchst;AfD;Rheinland-Pfalz, Deutschland;22.03.2015 15:50:41
NielsAnnen;42401449;Niels Annen;SPD;Hamburg;25.05.2009 13:06:24
NiemaMovassat;111054843;Niema Movassat;Die Linke;Oberhausen, Essen und Berlin;03.02.2010 17:18:12
NilsSchmid;83795057;Nils Schmid;SPD;Nürtingen, Baden-Württemberg;20.10.2009 07:56:26
NinaScheer_SPD;845213960060243968;Nina Scheer;SPD;Schleswig-Holstein;24.03.2017 10:01:26
ninawarken;65413134;Nina Warken;CDU;;13.08.2009 17:14:41
NKleinwaechter;865920519668989955;Norbert Kleinwächter;AfD;Berlin, Deutschland;20.05.2017 13:21:54
Norbert_MdB;4265444913;Norbert Müller;Die Linke;Potsdam, Brandenburg;24.11.2015 15:29:07
olafinderbeek;913327957602693121;Olaf In der Beek;FDP;;28.09.2017 09:02:08
olavgutting;58429842;Olav Gutting;CDU;Bruchsal-Schwetzingen, Berlin;20.07.2009 09:03:25
KaczmarekOliver;231440493;Oliver Kaczmarek;SPD;Kamen;28.12.2010 14:43:48
Oliver_Krischer;88630242;Oliver Krischer;B90/Die Grünen;Düren/Berlin;09.11.2009 09:34:24
OlliLuksic;21144568;Oliver Luksic;FDP;Saarland, Berlin, Europa;17.02.2009 23:17:52
nouripour;16674128;Omid Nouripour;B90/Die Grünen;Frankfurt/Germany;09.10.2008 21:23:15
OWvonHoltz;2357675876;Ottmar von Holtz;B90/Die Grünen;;23.02.2014 08:22:18
Otto_Fricke;18044683;Otto Fricke;FDP;Krefeld / Berlin,  Deutschland;11.12.2008 09:50:36
PascalKober;19909974;Pascal Kober;FDP;;02.02.2009 14:54:57
pascalmeiser;314534724;Pascal Meiser;Die Linke;;10.06.2011 12:19:25
PSchnieder;368334555;Patrick Schnieder;CDU;Arzfeld/Eifel;05.09.2011 13:31:39
PatrickSensburg;43537931;Patrick Sensburg;CDU;Hochsauerlandkreis;30.05.2009 14:52:10
Paul_Podolay;774308243124391937;Paul Podolay;AfD;Erlangen, Deutschland;09.09.2016 18:07:26
PaulZiemiak;288696645;Paul Ziemiak;CDU;Germany;27.04.2011 09:22:47
peteraltmaier;378693834;Peter Altmaier;CDU;Saarlouis / Berlin;23.09.2011 17:00:07
PeterAumer;348460907;Peter Aumer;CSU;Regensburg/Berlin;04.08.2011 13:33:25
Peter_Beyer;445375409;Peter Beyer;CDU;;24.12.2011 09:58:20
PeterBoehringer;99268600;Peter Boehringer;AfD;Deutschland;25.12.2009 11:36:05
PeterFelser;3384789731;Peter Felser;AfD;Lindenberg im Allgäu;20.07.2015 18:34:15
PeterHeidtFDP;1858621434;Peter Heidt;FDP;;12.09.2013 21:46:41
Peter_Stein_CDU;2885729417;Peter Stein;CDU;;20.11.2014 15:32:00
petertauber;22260144;Peter Tauber;CDU;Gelnhausen;28.02.2009 14:36:49
PeterWeissMdB;54202670;Peter Weiß;CDU;Emmendingen;06.07.2009 13:24:44
PetrBystronAfD;810957560723505152;Petr Bystron;AfD;München, Bayern;19.12.2016 21:18:44
PetraPauMaHe;560467206;Petra Pau;Die Linke;Berlin, Marzahn- Hellersdorf;22.04.2012 15:55:05
Petra_Sitte_MdB;293522998;Petra Sitte;Die Linke;;05.05.2011 14:05:32
Philipp_Amthor;934016327567790080;Philipp Amthor;CDU;Berlin / Vorpommern;24.11.2017 11:10:20
Dr_Rainer_Kraft;804064797977444352;Rainer Kraft;AfD;Augsburg-Land;30.11.2016 20:49:21
rainerspiering;18668620;Rainer Spiering;SPD;Bad Rothenfelde, Germany;06.01.2009 09:39:17
rbrinkhaus;38001527;Ralph Brinkhaus;CDU;Gütersloh;05.05.2009 19:45:20
HoubenReinhard;825069798140833794;Reinhard Houben;FDP;Köln, Deutschland;27.01.2017 19:55:43
RenateKuenast;1425265488;Renate Künast;B90/Die Grünen;Berlin;13.05.2013 11:24:44
Rene_Springer;831541837965967361;René Springer;AfD;Potsdam, Deutschland;14.02.2017 16:33:18
RitaHaglKehl;836553428042141697;Rita Hagl-Kehl;SPD;Deggendorf, Deutschland;28.02.2017 12:27:34
rischwasu;50932086;Rita Schwarzelühr-Sutter;SPD;Kreis Waldshut;26.06.2009 05:09:54
RKiesewetter;42698498;Roderich Kiesewetter;CDU;Aalen-Heidenheim, Berlin;26.05.2009 19:29:44
R_Hartwig_AfD;282687385;Roland Hartwig;AfD;Rhein-Sieg-Kreis;15.04.2011 18:11:35
muellerboehm;2373251115;Roman Müller-Böhm;FDP;Oberhausen, Deutschland;01.03.2014 14:20:15
Spenrath_AfD;3105403449;Roman Reusch;AfD;Erkelenz, Deutschland;22.03.2015 18:33:22
RonjaKemmer;2405039875;Ronja Kemmer;CDU;;22.03.2014 20:52:19
Dr_Roy_Kuehne;1906911697;Roy Kühne;CDU;;26.09.2013 06:13:48
RuedigerKruse;20916357;Rüdiger Kruse;CDU;Hamburg;15.02.2009 15:44:24
MdB_Lucassen;4875914470;Rüdiger Lucassen;AfD;Rhein-Erft-Kreis;04.02.2016 08:13:45
dittmarsabine;1872648764;Sabine Dittmar;SPD;;16.09.2013 18:45:03
SabineLeidig;257461232;Sabine Leidig;Die Linke;;25.02.2011 13:33:26
SabinePoschmann;738636568760553472;Sabine Poschmann;SPD;;03.06.2016 07:40:56
SWagenknecht;47375691;Sahra Wagenknecht;Die Linke;Düsseldorf/Berlin;15.06.2009 16:33:09
Bubendorferfdp;887343634647003136;Sandra Bubendorfer-Licht;FDP;;18.07.2017 16:09:43
sandra_weeser;858362895075340288;Sandra Weeser;FDP;Betzdorf im Wahlkreis Neuwied/Altenkirchen & Berlin;29.04.2017 16:50:36
EskenSaskia;1423622834;Saskia Esken;SPD;Berlin / Nordschwarzwald;12.05.2013 17:25:05
Brehm_inNBGNord;904304932257492992;Sebastian Brehm;CSU;Nürnberg, Bayern;03.09.2017 11:27:51
sebast_hartmann;1076269195;Sebastian Hartmann;SPD;Rhein-Sieg-Kreis;10.01.2013 10:32:26
S_Muenzenmaier;863657874941255684;Sebastian Münzenmaier;AfD;Deutschland;14.05.2017 07:30:58
SteinekeCDU;277006619;Sebastian Steineke;CDU;Neuruppin;04.04.2011 14:24:47
mueller_sepp;801803127762669568;Sepp Müller;CDU;Gräfenhainichen, Deutschland;24.11.2016 15:02:17
SevimDagdelen;139407967;Sevim Dagdelen;Die Linke;Bochum-Berlin;02.05.2010 14:25:18
Siegbert_Droese;3184216371;Siegbert Droese;AfD;Leipzig, Deutschland;19.04.2015 19:12:45
SiemtjeMdB;1115940238801743872;Siemtje Möller;SPD;;25.09.2017 09:13:53
DrLaunert;4926993244;Silke Launert;CSU;Berlin, Deutschland ;18.02.2016 07:43:21
SBarrientosK;176104376;Simone Barrientos;Die Linke;Berlin & Ochsenfurth;08.08.2010 15:38:19
SteffenSonja;702653022;Sonja Steffen;SPD;;18.07.2012 08:29:18
SoenkeRix;36327895;Sönke Rix;SPD;Eckernförde;29.04.2009 10:16:00
soerenbartol;57293969;Sören Bartol;SPD;Marburg/Berlin;16.07.2009 09:59:45
LINKEPELLI;74837812;Sören Pellmann;Die Linke;Leipzig;16.09.2009 21:05:18
spdbt;347792540;SPD;SPD;;03.08.2011 11:03:15
StefanGelbhaar;426582569;Stefan Gelbhaar;B90/Die Grünen;Berlin, Prenzlauer Allee 22;02.12.2011 12:28:02
StefanKaufmann;51752254;Stefan Kaufmann;CDU;Stuttgart und Berlin;28.06.2009 15:14:58
StefanKeuterAfD;794628172570619904;Stefan Keuter;AfD;Essen, Nordrhein-Westfalen;04.11.2016 19:51:34
berlinliebich;1065899292;Stefan Liebich;Die Linke;Berlin-Pankow;06.01.2013 14:57:49
smuellermdb;17960911;Stefan Müller;CSU;Erlangen;08.12.2008 11:34:51
StefanRouenhoff;963904327;Stefan Rouenhoff;CDU;Goch, Deutschland;22.11.2012 08:50:46
Schmidt_MdB;930725836482928640;Stefan Schmidt;B90/Die Grünen;;15.11.2017 09:15:06
s_schwartze;1117526742;Stefan Schwartze;SPD;Vlotho;24.01.2013 19:17:24
zierke;64220313;Stefan Zierke;SPD;Prenzlau, Deutschland;09.08.2009 18:09:53
SteffenBilger;23925041;Steffen Bilger;CDU;Ludwigsburg / Berlin;12.03.2009 09:30:05
SteffenKotre;912223443231428609;Steffen Kotré;AfD;Deutschland;25.09.2017 07:53:11
SteffiLemke;17229513;Steffi Lemke;B90/Die Grünen;;07.11.2008 11:07:46
StBrandner;713361366858481664;Stephan Brandner;AfD;Mal hier, mal da...;25.03.2016 13:46:18
StephPilsinger;819914159915667456;Stephan Pilsinger;CSU;München, Bayern;13.01.2017 14:29:03
AfDProtschka;1412287272;Stephan Protschka;AfD;;08.05.2013 08:33:07
StephanThomae;75005687;Stephan Thomae;FDP;Kempten (Allgäu);17.09.2009 12:59:49
SusannRuethrich;1461997548;Susann Rüthrich;SPD;SPD Bundestagsabgeordnete ;27.05.2013 12:42:27
sven_kindler;17343047;Sven Kindler;B90/Die Grünen;;12.11.2008 16:51:14
svenlehmann;16706236;Sven Lehmann;B90/Die Grünen;Köln/Berlin;12.10.2008 09:09:29
stadler_svenja;3337459024;Svenja Stadler;SPD;Landkreis Harburg;20.06.2015 18:29:59
SybilleBenning;869205749632831488;Sybille Benning;CDU;Münster, Deutschland;29.05.2017 14:56:14
SylviaGabelmann;850993608;Sylvia Gabelmann;Die Linke;Siegen, Deutschland;28.09.2012 12:42:17
KottingUhl;474013625;Sylvia Kotting-Uhl;B90/Die Grünen;Berlin;25.01.2012 15:25:35
LehmannSpd;2320712427;Sylvia Lehmann;SPD;;02.02.2014 21:25:42
SylviaPantel;1082464339;Sylvia Pantel;CDU;Düsseldorf, Germany;12.01.2013 09:54:53
TabeaRoessner;53351462;Tabea Rößner;B90/Die Grünen;Mainz/Berlin;03.07.2009 10:29:25
TSchipanski;39938182;Tankred Schipanski;CDU;Thüringen;14.05.2009 05:53:10
Thomas_Bareiss;2797812265;Thomas Bareiß;CDU;Zollernalb-Sigmaringen;08.09.2014 11:55:12
Thomas_Ehrhorn;3242322815;Thomas Ehrhorn;AfD;Niedersachsen, Deutschland;08.05.2015 19:41:04
TErndl;2192588903;Thomas Erndl;CSU;Künzing, Deutschland;23.11.2013 11:15:37
thomasgebhart;51483238;Thomas Gebhart;CDU;Jockgrim;27.06.2009 16:33:33
hacker_fdp;89209507;Thomas Hacker;FDP;Bayreuth;11.11.2009 15:32:20
ThomasHitschler;292151515;Thomas Hitschler;SPD;Südpfalz;03.05.2011 05:41:51
tj_tweets;37105136;Thomas Jarzombek;CDU;Düsseldorf, Germany;02.05.2009 01:39:20
thomas_jurk;1959248485;Thomas Jurk;SPD;;13.10.2013 18:32:14
thlutze;3667108397;Thomas Lutze;Die Linke;;15.09.2015 19:41:47
NordMdb;1421571306;Thomas Nord;Die Linke;;11.05.2013 21:07:13
th_sattelberger;1296544153;Thomas Sattelberger;FDP;München;24.03.2013 20:28:01
Th_Seitz_AfD;913358838736310272;Thomas Seitz;AfD;Berlin, Deutschland;28.09.2017 11:04:51
SilberhornMdB;951489275312443392;Thomas Silberhorn;CSU;Deutschland;11.01.2018 16:21:35
TillMansmann;954049866283483136;Till Mansmann;FDP;Heppenheim (Bergstraße);18.01.2018 17:56:28
Timon_Gremmels;494809842;Timon Gremmels;SPD;Niestetal;17.02.2012 08:46:53
Tino_Chrupalla;797137333820784640;Tino Chrupalla;AfD;Sachsen;11.11.2016 18:02:05
TinoSorge;110385973;Tino Sorge;CDU;Magdeburg / Berlin;01.02.2010 10:50:53
tobiaslindner;21197524;Tobias Lindner;B90/Die Grünen;Berlin, Deutschland;18.02.2009 13:58:56
TobiasMPeterka;2496104640;Tobias Matthias Peterka;AfD;Bayreuth, Bayern;15.05.2014 10:45:25
tpflueger;16696924;Tobias Pflüger;Die Linke;;11.10.2008 15:25:31
KartesMdB;3188225915;Torbjörn Kartes;CDU;;20.04.2015 20:23:44
torstenherbst;17561226;Torsten Herbst;FDP;Dresden;22.11.2008 19:02:47
cdu_schweiger;2758602415;Torsten Schweiger;CDU;Sangerhausen, Deutschland;23.08.2014 11:53:37
UdoHemmelgarn;849060114388705280;Udo Hemmelgarn;AfD;Harsewinkel, Deutschland;04.04.2017 00:44:40
UdoSchiefner;3823042877;Udo Schiefner;SPD;;30.09.2015 09:52:07
UliGroetsch;867351565757239296;Uli Grötsch;SPD;Waidhaus, Deutschland;24.05.2017 12:08:22
uihnen;757224186;Ulla Ihnen;FDP;;14.08.2012 14:09:56
UllaJelpke;2837971145;Ulla Jelpke;Die Linke;Platz der Republik, Berlin;20.10.2014 09:49:39
ulle_schauws;17363943;Ulle Schauws;B90/Die Grünen;Krefeld, Nordrhein-Westfalen;13.11.2008 12:29:30
UlliNissen;382044198;Ulli Nissen;SPD;Frankfurt am Main;29.09.2011 11:53:23
UliFreese;2317202160;Ulrich Freese;SPD;Wahlkreis Cottbus/Spree-Neiße;29.01.2014 14:02:57
UlrichKelber;20877217;Ulrich Kelber;SPD;Bonn;14.02.2009 22:55:21
UlrichLange;68172699;Ulrich Lange;CSU;;23.08.2009 15:58:29
ULechte;473843184;Ulrich Lechte;FDP;;25.01.2012 11:40:28
Oehmeulrich;829731236503494656;Ulrich Oehme;AfD;;09.02.2017 16:38:37
MdB_Ulrike_Bahr;724565991104110592;Ulrike Bahr;SPD;Augsburg, Deutschland;25.04.2016 11:49:28
ulschzi;866924100;Ulrike Schielke-Ziesing;AfD;Mecklenburgische Seenplatte, Mecklenburg-Vorpommern;07.10.2012 20:39:05
UteVogt;106684561;Ute Vogt;SPD;Stuttgart;20.01.2010 09:58:42
UweFe;47151012;Uwe Feiler;CDU;Brandenburg Deutschland;14.06.2009 19:05:12
uwe_kamann;2546790747;Uwe Kamann;Parteilos;Deutschland;14.05.2014 06:40:08
UweKekeritz;46480553;Uwe Kekeritz;B90/Die Grünen;Uffenheim / Berlin;11.06.2009 20:22:05
Uwe_Schulz_AfD;19177808;Uwe Schulz;AfD;Berlin, Deutschland;19.01.2009 09:02:11
UweSchummer;409203792;Uwe Schummer;CDU;Deutscher Bundestag, Berlin;10.11.2011 12:18:40
Witt_Uwe;4503658823;Uwe Witt;AfD;Nordrhein-Westfalen, Deutschla;16.12.2015 14:17:02
victorperli;3350681139;Victor Perli;Die Linke;Wolfenbüttel und Berlin;29.06.2015 13:33:18
VolkerUllrich;28446356;Volker Ullrich;CSU;Augsburg und Berlin;02.04.2009 23:25:37
VolkmarKlein;33043294;Volkmar Klein;CDU;Berlin;18.04.2009 23:02:55
WaldemarHerdt;3384824825;Waldemar Herdt;AfD;Osnabrück-Land;20.07.2015 19:02:56
WSchinnenburg;828943222432997376;Wieland Schinnenburg;FDP;Hamburg;07.02.2017 12:27:20
WilfriedOellers;906847944;Wilfried Oellers;CDU;;26.10.2012 21:58:40
vonGottberg_AfD;3412973404;Wilhelm von Gottberg;AfD;Niedersachsen, Deutschland;10.08.2015 15:30:55
HellmichMdB;786498202832822272;Wolfgang Hellmich;SPD;Bad Sassendorf, Deutschland;13.10.2016 09:25:58
StefingerMdB;4866955749;Wolfgang Stefinger;CSU;München, Bayern;31.01.2016 18:11:21
W_SK;20840049;Wolfgang Strengmann-Kuhn;B90/Die Grünen;Frankfurt/ Offenbach;14.02.2009 10:16:47
yasmin_fahimi;238088709;Yasmin Fahimi;SPD;;14.01.2011 10:03:57
YvonneMagwas;3852561082;Yvonne Magwas;CDU;Auerbach/V.;03.10.2015 13:03:58
ZaklinNastic;2527808433;Zaklin Nastic;Die Linke;Hamburg;04.05.2014 10:37:53
